{"cameraMode":{"drawMode":0,"name":"Shaded","section":"Shading Mode"},"sceneLighting":false,"audioPlay":false,"sceneViewState":{"m_AlwaysRefresh":false,"showFog":true,"showSkybox":false,"showFlares":true,"showImageEffects":true,"showParticleSystems":true,"showVisualEffectGraphs":true,"m_FxEnabled":true},"in2DMode":false,"pivot":{"x":-7.173122882843018,"y":-0.9454917907714844,"z":0.05555072799324989},"rotation":{"x":-0.40466392040252688,"y":0.05125842243432999,"z":-0.02272183820605278,"w":-0.9127564430236816},"size":9.497136116027832,"orthographic":false}