{"cameraMode":{"drawMode":0,"name":"Shaded","section":"Shading Mode"},"sceneLighting":true,"audioPlay":false,"sceneViewState":{"m_AlwaysRefresh":false,"showFog":true,"showSkybox":true,"showFlares":true,"showImageEffects":true,"showParticleSystems":true,"showVisualEffectGraphs":true,"m_FxEnabled":true},"in2DMode":false,"pivot":{"x":77.64063262939453,"y":27.259307861328126,"z":40.082305908203128},"rotation":{"x":0.3242413401603699,"y":-0.022707786411046983,"z":0.0077791581861674789,"w":0.9456819891929627},"size":51.79594802856445,"orthographic":false}