{"cameraMode":{"drawMode":0,"name":"Shaded","section":"Shading Mode"},"sceneLighting":true,"audioPlay":false,"sceneViewState":{"m_AlwaysRefresh":false,"showFog":true,"showSkybox":true,"showFlares":true,"showImageEffects":true,"showParticleSystems":true,"showVisualEffectGraphs":true,"m_FxEnabled":true},"in2DMode":false,"pivot":{"x":-18.646202087402345,"y":55.566802978515628,"z":-31.516462326049806},"rotation":{"x":-0.1832936853170395,"y":-0.18689200282096864,"z":0.035520002245903018,"w":-0.9644879102706909},"size":18.07493019104004,"orthographic":false}