{"cameraMode":{"drawMode":0,"name":"Shaded","section":"Shading Mode"},"sceneLighting":true,"audioPlay":false,"sceneViewState":{"m_AlwaysRefresh":false,"showFog":true,"showSkybox":true,"showFlares":true,"showImageEffects":true,"showParticleSystems":true,"showVisualEffectGraphs":true,"m_FxEnabled":true},"in2DMode":false,"pivot":{"x":56.900001525878909,"y":98.69999694824219,"z":25.700000762939454},"rotation":{"x":0.2379310429096222,"y":-0.15223899483680726,"z":0.037787485867738727,"w":0.9585537314414978},"size":12.12435531616211,"orthographic":false}