{"cameraMode":{"drawMode":0,"name":"Shaded","section":"Shading Mode"},"sceneLighting":false,"audioPlay":false,"sceneViewState":{"m_AlwaysRefresh":false,"showFog":true,"showSkybox":false,"showFlares":true,"showImageEffects":true,"showParticleSystems":true,"showVisualEffectGraphs":true,"m_FxEnabled":true},"in2DMode":false,"pivot":{"x":29.507823944091798,"y":10.940174102783204,"z":-1.8368666172027588},"rotation":{"x":-0.6905252933502197,"y":0.010195324197411538,"z":-0.009734601713716984,"w":-0.7231768369674683},"size":12.278239250183106,"orthographic":false}