{"cameraMode":{"drawMode":0,"name":"Shaded","section":"Shading Mode"},"sceneLighting":false,"audioPlay":false,"sceneViewState":{"m_AlwaysRefresh":false,"showFog":true,"showSkybox":false,"showFlares":true,"showImageEffects":true,"showParticleSystems":true,"showVisualEffectGraphs":true,"m_FxEnabled":true},"in2DMode":false,"pivot":{"x":4.029042720794678,"y":6.901137828826904,"z":-15.293160438537598},"rotation":{"x":0.11930818110704422,"y":0.04079291969537735,"z":0.00491287000477314,"w":-0.9920156598091126},"size":0.04617885500192642,"orthographic":false}