{"cameraMode":{"drawMode":0,"name":"Shaded","section":"Shading Mode"},"sceneLighting":false,"audioPlay":false,"sceneViewState":{"m_AlwaysRefresh":false,"showFog":true,"showSkybox":false,"showFlares":true,"showImageEffects":true,"showParticleSystems":true,"showVisualEffectGraphs":true,"m_FxEnabled":true},"in2DMode":false,"pivot":{"x":5.907237529754639,"y":-7.168200969696045,"z":-17.080440521240236},"rotation":{"x":0.0017633853713050485,"y":-0.8696668744087219,"z":0.49367421865463259,"w":0.0031480821780860426},"size":18.86463165283203,"orthographic":false}